{"$schema":"http://schema.management.azure.com/schemas/2015-01-01/deploymentTemplate.json#","contentVersion":"1.0.0.0","parameters":{},"variables":{},"resources":[{"name":"Earthquake Pipeline","type":"pipelines","apiVersion":"2018-06-01","properties":{"activities":[{"name":"BNB","type":"TridentNotebook","dependsOn":[],"policy":{"timeout":"0.12:00:00","retry":0,"retryIntervalInSeconds":30,"secureOutput":false,"secureInput":false},"typeProperties":{"notebookId":"a3a1732a-81f9-49b9-bdab-15486dde921b","workspaceId":"62a4d534-7264-40f1-8ebc-fc44e96f9088","parameters":{"start_date":{"value":{"value":"@formatDateTime(adddays(utcnow(),-1),'yyyy-mm-dd')","type":"Expression"},"type":"string"},"end_date":{"value":{"value":"@formatDateTime(utcnow(),'yyyy-mm-dd')","type":"Expression"},"type":"string"}}}},{"name":"SNB","type":"TridentNotebook","dependsOn":[{"activity":"BNB","dependencyConditions":["Succeeded"]}],"policy":{"timeout":"0.12:00:00","retry":0,"retryIntervalInSeconds":30,"secureOutput":false,"secureInput":false},"typeProperties":{"notebookId":"9f92bcb0-e729-45f7-a8ba-142db138a00a","workspaceId":"62a4d534-7264-40f1-8ebc-fc44e96f9088","parameters":{"start_date":{"value":{"value":"@formatDateTime(adddays(utcNow(),-1),'yyyy-MM-dd')","type":"Expression"},"type":"string"}}}},{"name":"GNB","type":"TridentNotebook","dependsOn":[{"activity":"SNB","dependencyConditions":["Succeeded"]}],"policy":{"timeout":"0.12:00:00","retry":0,"retryIntervalInSeconds":30,"secureOutput":false,"secureInput":false},"typeProperties":{"notebookId":"d51e1aa1-f1cf-46b9-94dc-4157e2a96848","workspaceId":"62a4d534-7264-40f1-8ebc-fc44e96f9088","parameters":{"start_date":{"value":"@formatDateTime(adddays(utcnow(),-1),'yyyy-mm-dd')","type":"string"}}}}],"variables":{"start_date":{"type":"String"}},"lastModifiedByObjectId":"f8351b4b-7bb0-4d4f-8b96-fc4267c4e1af","lastPublishTime":"2024-12-25T22:00:32Z","extraTridentInfo":"{\"folderObjectId\":\"62a4d534-7264-40f1-8ebc-fc44e96f9088\",\"capacityObjectId\":\"DBBB59D1-FE7C-4F09-ABBE-F225B9BBF1B8\",\"artifactType\":\"Pipeline\",\"provisionState\":\"Active\",\"lastUpdatedDate\":\"2024-12-25T22:00:33.271Z\",\"createdDate\":\"2024-12-25T22:00:31.177Z\",\"ownerUser\":{\"id\":15141573,\"name\":\"Srinivas Sai Te Chilkuri\",\"objectId\":\"f8351b4b-7bb0-4d4f-8b96-fc4267c4e1af\",\"userPrincipalName\":\"schilku@siue.edu\",\"aadAppId\":null,\"type\":null},\"ownerUserId\":15141573,\"createdByUser\":{\"id\":15141573,\"name\":\"Srinivas Sai Te Chilkuri\",\"objectId\":\"f8351b4b-7bb0-4d4f-8b96-fc4267c4e1af\",\"userPrincipalName\":\"schilku@siue.edu\",\"aadAppId\":null,\"type\":null},\"createdByUserId\":15141573,\"modifiedByUser\":{\"id\":15141573,\"name\":\"Srinivas Sai Te Chilkuri\",\"objectId\":\"f8351b4b-7bb0-4d4f-8b96-fc4267c4e1af\",\"userPrincipalName\":\"schilku@siue.edu\",\"aadAppId\":null,\"type\":null},\"modifiedByUserId\":15141573,\"permissions\":71,\"artifactPermissions\":7,\"subfolderId\":31797,\"systemArtifactType\":\"None\",\"etag\":\"\\\"1DC8C0AC03CB4FD9B408C1FF8B3DAD39\\\"\"}"},"dependsOn":[]}]}